Number of Data,MAE,MAE30,MAE60
1,[14.634976],[12.215962],[14.611503]
