Number of Data,MAE,MAE30,MAE60
1,[21.32798],[15.194383],[20.303692]
