Number of Data,MAE,MAE30,MAE60
1,[14.991822],[12.495327],[14.98014]
2,[13.954493],[11.963827],[13.939323]
3,[15.317865],[12.308584],[15.254061]
4,[15.317865],[12.308584],[15.254061]
5,[15.589306],[12.418657],[15.464164]
6,[12.114629],[10.822052],[12.114629]
7,[13.387134],[11.434537],[13.321671]
8,[14.556442],[12.099202],[14.490308]
9,[15.317865],[12.308584],[15.254061]
10,[12.809908],[10.5783415],[12.71659]
